<?xml version="1.0" encoding="UTF-8"?>
<root>
  <item name="org.droidplanner.services.android.impl.utils.SoloApiUtils void updateSoloControllerUnit(org.droidplanner.services.android.impl.core.drone.autopilot.apm.solo.ArduSolo, java.lang.String, com.o3dr.services.android.lib.model.ICommandListener) 1">
    <annotation name="android.support.annotation.StringDef">
      <val name="value" val="{com.o3dr.services.android.lib.drone.companion.solo.controller.SoloControllerUnits.UNKNOWN, com.o3dr.services.android.lib.drone.companion.solo.controller.SoloControllerUnits.METRIC, com.o3dr.services.android.lib.drone.companion.solo.controller.SoloControllerUnits.IMPERIAL}" />
    </annotation>
  </item>
  <item name="org.droidplanner.services.android.impl.utils.SoloApiUtils void updateSoloLinkControllerMode(org.droidplanner.services.android.impl.core.drone.autopilot.apm.solo.ArduSolo, int, com.o3dr.services.android.lib.model.ICommandListener) 1">
    <annotation name="android.support.annotation.IntDef">
      <val name="value" val="{com.o3dr.services.android.lib.drone.companion.solo.controller.SoloControllerMode.UNKNOWN_MODE, com.o3dr.services.android.lib.drone.companion.solo.controller.SoloControllerMode.MODE_1, com.o3dr.services.android.lib.drone.companion.solo.controller.SoloControllerMode.MODE_2}" />
    </annotation>
  </item>
</root>

