<?xml version="1.0" encoding="UTF-8"?>
<root>
  <item name="com.o3dr.services.android.lib.drone.companion.solo.controller.SoloControllerMode.ControllerMode">
    <annotation name="android.support.annotation.IntDef">
      <val name="value" val="{com.o3dr.services.android.lib.drone.companion.solo.controller.SoloControllerMode.UNKNOWN_MODE, com.o3dr.services.android.lib.drone.companion.solo.controller.SoloControllerMode.MODE_1, com.o3dr.services.android.lib.drone.companion.solo.controller.SoloControllerMode.MODE_2}" />
    </annotation>
  </item>
  <item name="com.o3dr.services.android.lib.drone.companion.solo.controller.SoloControllerUnits.ControllerUnit">
    <annotation name="android.support.annotation.StringDef">
      <val name="value" val="{com.o3dr.services.android.lib.drone.companion.solo.controller.SoloControllerUnits.UNKNOWN, com.o3dr.services.android.lib.drone.companion.solo.controller.SoloControllerUnits.METRIC, com.o3dr.services.android.lib.drone.companion.solo.controller.SoloControllerUnits.IMPERIAL}" />
    </annotation>
  </item>
</root>

