<?xml version="1.0" encoding="UTF-8"?>
<root>
  <item name="com.o3dr.services.android.lib.drone.connection.ConnectionParameter ConnectionParameter(int, android.os.Bundle) 0">
    <annotation name="android.support.annotation.IntDef">
      <val name="value" val="{com.o3dr.services.android.lib.drone.connection.ConnectionType.TYPE_USB, com.o3dr.services.android.lib.drone.connection.ConnectionType.TYPE_UDP, com.o3dr.services.android.lib.drone.connection.ConnectionType.TYPE_TCP, com.o3dr.services.android.lib.drone.connection.ConnectionType.TYPE_BLUETOOTH, com.o3dr.services.android.lib.drone.connection.ConnectionType.TYPE_SOLO}" />
    </annotation>
  </item>
  <item name="com.o3dr.services.android.lib.drone.connection.ConnectionParameter ConnectionParameter(int, android.os.Bundle, android.net.Uri) 0">
    <annotation name="android.support.annotation.IntDef">
      <val name="value" val="{com.o3dr.services.android.lib.drone.connection.ConnectionType.TYPE_USB, com.o3dr.services.android.lib.drone.connection.ConnectionType.TYPE_UDP, com.o3dr.services.android.lib.drone.connection.ConnectionType.TYPE_TCP, com.o3dr.services.android.lib.drone.connection.ConnectionType.TYPE_BLUETOOTH, com.o3dr.services.android.lib.drone.connection.ConnectionType.TYPE_SOLO}" />
    </annotation>
  </item>
  <item name="com.o3dr.services.android.lib.drone.connection.ConnectionParameter ConnectionParameter(int, android.os.Bundle, android.net.Uri, long) 0">
    <annotation name="android.support.annotation.IntDef">
      <val name="value" val="{com.o3dr.services.android.lib.drone.connection.ConnectionType.TYPE_USB, com.o3dr.services.android.lib.drone.connection.ConnectionType.TYPE_UDP, com.o3dr.services.android.lib.drone.connection.ConnectionType.TYPE_TCP, com.o3dr.services.android.lib.drone.connection.ConnectionType.TYPE_BLUETOOTH, com.o3dr.services.android.lib.drone.connection.ConnectionType.TYPE_SOLO}" />
    </annotation>
  </item>
  <item name="com.o3dr.services.android.lib.drone.connection.ConnectionParameter connectionType">
    <annotation name="android.support.annotation.IntDef">
      <val name="value" val="{com.o3dr.services.android.lib.drone.connection.ConnectionType.TYPE_USB, com.o3dr.services.android.lib.drone.connection.ConnectionType.TYPE_UDP, com.o3dr.services.android.lib.drone.connection.ConnectionType.TYPE_TCP, com.o3dr.services.android.lib.drone.connection.ConnectionType.TYPE_BLUETOOTH, com.o3dr.services.android.lib.drone.connection.ConnectionType.TYPE_SOLO}" />
    </annotation>
  </item>
  <item name="com.o3dr.services.android.lib.drone.connection.ConnectionParameter int getConnectionType()">
    <annotation name="android.support.annotation.IntDef">
      <val name="value" val="{com.o3dr.services.android.lib.drone.connection.ConnectionType.TYPE_USB, com.o3dr.services.android.lib.drone.connection.ConnectionType.TYPE_UDP, com.o3dr.services.android.lib.drone.connection.ConnectionType.TYPE_TCP, com.o3dr.services.android.lib.drone.connection.ConnectionType.TYPE_BLUETOOTH, com.o3dr.services.android.lib.drone.connection.ConnectionType.TYPE_SOLO}" />
    </annotation>
  </item>
  <item name="com.o3dr.services.android.lib.drone.connection.ConnectionType java.lang.String getConnectionTypeLabel(int) 0">
    <annotation name="android.support.annotation.IntDef">
      <val name="value" val="{com.o3dr.services.android.lib.drone.connection.ConnectionType.TYPE_USB, com.o3dr.services.android.lib.drone.connection.ConnectionType.TYPE_UDP, com.o3dr.services.android.lib.drone.connection.ConnectionType.TYPE_TCP, com.o3dr.services.android.lib.drone.connection.ConnectionType.TYPE_BLUETOOTH, com.o3dr.services.android.lib.drone.connection.ConnectionType.TYPE_SOLO}" />
    </annotation>
  </item>
  <item name="com.o3dr.services.android.lib.drone.connection.ConnectionType.Type">
    <annotation name="android.support.annotation.IntDef">
      <val name="value" val="{com.o3dr.services.android.lib.drone.connection.ConnectionType.TYPE_USB, com.o3dr.services.android.lib.drone.connection.ConnectionType.TYPE_UDP, com.o3dr.services.android.lib.drone.connection.ConnectionType.TYPE_TCP, com.o3dr.services.android.lib.drone.connection.ConnectionType.TYPE_BLUETOOTH, com.o3dr.services.android.lib.drone.connection.ConnectionType.TYPE_SOLO}" />
    </annotation>
  </item>
</root>

