<?xml version="1.0" encoding="UTF-8"?>
<root>
  <item name="org.droidplanner.services.android.impl.core.drone.autopilot.apm.solo.controller.ControllerLinkListener void onControllerUnitUpdated(java.lang.String) 0">
    <annotation name="android.support.annotation.StringDef">
      <val name="value" val="{com.o3dr.services.android.lib.drone.companion.solo.controller.SoloControllerUnits.UNKNOWN, com.o3dr.services.android.lib.drone.companion.solo.controller.SoloControllerUnits.METRIC, com.o3dr.services.android.lib.drone.companion.solo.controller.SoloControllerUnits.IMPERIAL}" />
    </annotation>
  </item>
  <item name="org.droidplanner.services.android.impl.core.drone.autopilot.apm.solo.controller.ControllerLinkManager int getControllerMode()">
    <annotation name="android.support.annotation.IntDef">
      <val name="value" val="{com.o3dr.services.android.lib.drone.companion.solo.controller.SoloControllerMode.UNKNOWN_MODE, com.o3dr.services.android.lib.drone.companion.solo.controller.SoloControllerMode.MODE_1, com.o3dr.services.android.lib.drone.companion.solo.controller.SoloControllerMode.MODE_2}" />
    </annotation>
  </item>
  <item name="org.droidplanner.services.android.impl.core.drone.autopilot.apm.solo.controller.ControllerLinkManager java.lang.String getControllerUnit()">
    <annotation name="android.support.annotation.StringDef">
      <val name="value" val="{com.o3dr.services.android.lib.drone.companion.solo.controller.SoloControllerUnits.UNKNOWN, com.o3dr.services.android.lib.drone.companion.solo.controller.SoloControllerUnits.METRIC, com.o3dr.services.android.lib.drone.companion.solo.controller.SoloControllerUnits.IMPERIAL}" />
    </annotation>
  </item>
  <item name="org.droidplanner.services.android.impl.core.drone.autopilot.apm.solo.controller.ControllerLinkManager void setControllerMode(int) 0">
    <annotation name="android.support.annotation.IntDef">
      <val name="value" val="{com.o3dr.services.android.lib.drone.companion.solo.controller.SoloControllerMode.UNKNOWN_MODE, com.o3dr.services.android.lib.drone.companion.solo.controller.SoloControllerMode.MODE_1, com.o3dr.services.android.lib.drone.companion.solo.controller.SoloControllerMode.MODE_2}" />
    </annotation>
  </item>
  <item name="org.droidplanner.services.android.impl.core.drone.autopilot.apm.solo.controller.ControllerLinkManager void setControllerUnit(java.lang.String) 0">
    <annotation name="android.support.annotation.StringDef">
      <val name="value" val="{com.o3dr.services.android.lib.drone.companion.solo.controller.SoloControllerUnits.UNKNOWN, com.o3dr.services.android.lib.drone.companion.solo.controller.SoloControllerUnits.METRIC, com.o3dr.services.android.lib.drone.companion.solo.controller.SoloControllerUnits.IMPERIAL}" />
    </annotation>
  </item>
  <item name="org.droidplanner.services.android.impl.core.drone.autopilot.apm.solo.controller.ControllerLinkManager void updateControllerMode(int, com.o3dr.services.android.lib.model.ICommandListener) 0">
    <annotation name="android.support.annotation.IntDef">
      <val name="value" val="{com.o3dr.services.android.lib.drone.companion.solo.controller.SoloControllerMode.UNKNOWN_MODE, com.o3dr.services.android.lib.drone.companion.solo.controller.SoloControllerMode.MODE_1, com.o3dr.services.android.lib.drone.companion.solo.controller.SoloControllerMode.MODE_2}" />
    </annotation>
  </item>
  <item name="org.droidplanner.services.android.impl.core.drone.autopilot.apm.solo.controller.ControllerLinkManager void updateControllerUnit(java.lang.String, com.o3dr.services.android.lib.model.ICommandListener) 0">
    <annotation name="android.support.annotation.StringDef">
      <val name="value" val="{com.o3dr.services.android.lib.drone.companion.solo.controller.SoloControllerUnits.UNKNOWN, com.o3dr.services.android.lib.drone.companion.solo.controller.SoloControllerUnits.METRIC, com.o3dr.services.android.lib.drone.companion.solo.controller.SoloControllerUnits.IMPERIAL}" />
    </annotation>
  </item>
</root>

