<?xml version="1.0" encoding="UTF-8"?>
<root>
  <item name="com.o3dr.services.android.lib.drone.companion.solo.tlv.SoloFollowOptionsV2 SoloFollowOptionsV2(float, boolean, int) 2">
    <annotation name="android.support.annotation.IntDef">
      <val name="value" val="{com.o3dr.services.android.lib.drone.companion.solo.tlv.SoloFollowOptionsV2.FOLLOW_PREFERENCE_NONE, com.o3dr.services.android.lib.drone.companion.solo.tlv.SoloFollowOptionsV2.FOLLOW_PREFERENCE_ORBIT, com.o3dr.services.android.lib.drone.companion.solo.tlv.SoloFollowOptionsV2.FOLLOW_PREFERENCE_FREE_LOOK, com.o3dr.services.android.lib.drone.companion.solo.tlv.SoloFollowOptionsV2.FOLLOW_PREFERENCE_LEASH}" />
    </annotation>
  </item>
  <item name="com.o3dr.services.android.lib.drone.companion.solo.tlv.SoloFollowOptionsV2 followPreference">
    <annotation name="android.support.annotation.IntDef">
      <val name="value" val="{com.o3dr.services.android.lib.drone.companion.solo.tlv.SoloFollowOptionsV2.FOLLOW_PREFERENCE_NONE, com.o3dr.services.android.lib.drone.companion.solo.tlv.SoloFollowOptionsV2.FOLLOW_PREFERENCE_ORBIT, com.o3dr.services.android.lib.drone.companion.solo.tlv.SoloFollowOptionsV2.FOLLOW_PREFERENCE_FREE_LOOK, com.o3dr.services.android.lib.drone.companion.solo.tlv.SoloFollowOptionsV2.FOLLOW_PREFERENCE_LEASH}" />
    </annotation>
  </item>
  <item name="com.o3dr.services.android.lib.drone.companion.solo.tlv.SoloFollowOptionsV2 int getFollowPreference()">
    <annotation name="android.support.annotation.IntDef">
      <val name="value" val="{com.o3dr.services.android.lib.drone.companion.solo.tlv.SoloFollowOptionsV2.FOLLOW_PREFERENCE_NONE, com.o3dr.services.android.lib.drone.companion.solo.tlv.SoloFollowOptionsV2.FOLLOW_PREFERENCE_ORBIT, com.o3dr.services.android.lib.drone.companion.solo.tlv.SoloFollowOptionsV2.FOLLOW_PREFERENCE_FREE_LOOK, com.o3dr.services.android.lib.drone.companion.solo.tlv.SoloFollowOptionsV2.FOLLOW_PREFERENCE_LEASH}" />
    </annotation>
  </item>
  <item name="com.o3dr.services.android.lib.drone.companion.solo.tlv.SoloFollowOptionsV2 void setFollowPreference(int) 0">
    <annotation name="android.support.annotation.IntDef">
      <val name="value" val="{com.o3dr.services.android.lib.drone.companion.solo.tlv.SoloFollowOptionsV2.FOLLOW_PREFERENCE_NONE, com.o3dr.services.android.lib.drone.companion.solo.tlv.SoloFollowOptionsV2.FOLLOW_PREFERENCE_ORBIT, com.o3dr.services.android.lib.drone.companion.solo.tlv.SoloFollowOptionsV2.FOLLOW_PREFERENCE_FREE_LOOK, com.o3dr.services.android.lib.drone.companion.solo.tlv.SoloFollowOptionsV2.FOLLOW_PREFERENCE_LEASH}" />
    </annotation>
  </item>
  <item name="com.o3dr.services.android.lib.drone.companion.solo.tlv.SoloFollowOptionsV2.FollowPreference">
    <annotation name="android.support.annotation.IntDef">
      <val name="value" val="{com.o3dr.services.android.lib.drone.companion.solo.tlv.SoloFollowOptionsV2.FOLLOW_PREFERENCE_NONE, com.o3dr.services.android.lib.drone.companion.solo.tlv.SoloFollowOptionsV2.FOLLOW_PREFERENCE_ORBIT, com.o3dr.services.android.lib.drone.companion.solo.tlv.SoloFollowOptionsV2.FOLLOW_PREFERENCE_FREE_LOOK, com.o3dr.services.android.lib.drone.companion.solo.tlv.SoloFollowOptionsV2.FOLLOW_PREFERENCE_LEASH}" />
    </annotation>
  </item>
  <item name="com.o3dr.services.android.lib.drone.companion.solo.tlv.SoloGoproConstants.CaptureMode">
    <annotation name="android.support.annotation.IntDef">
      <val name="value" val="{com.o3dr.services.android.lib.drone.companion.solo.tlv.SoloGoproConstants.CAPTURE_MODE_VIDEO, com.o3dr.services.android.lib.drone.companion.solo.tlv.SoloGoproConstants.CAPTURE_MODE_PHOTO, com.o3dr.services.android.lib.drone.companion.solo.tlv.SoloGoproConstants.CAPTURE_MODE_BURST, com.o3dr.services.android.lib.drone.companion.solo.tlv.SoloGoproConstants.CAPTURE_MODE_TIME_LAPSE, com.o3dr.services.android.lib.drone.companion.solo.tlv.SoloGoproConstants.CAPTURE_MODE_MULTI_SHOT, com.o3dr.services.android.lib.drone.companion.solo.tlv.SoloGoproConstants.CAPTURE_MODE_PLAYBACK, com.o3dr.services.android.lib.drone.companion.solo.tlv.SoloGoproConstants.CAPTURE_MODE_SETUP}" />
    </annotation>
  </item>
  <item name="com.o3dr.services.android.lib.drone.companion.solo.tlv.SoloGoproConstants.GoproStatus">
    <annotation name="android.support.annotation.IntDef">
      <val name="value" val="{com.o3dr.services.android.lib.drone.companion.solo.tlv.SoloGoproConstants.STATUS_NO_GOPRO, com.o3dr.services.android.lib.drone.companion.solo.tlv.SoloGoproConstants.STATUS_INCOMPATIBLE_GOPRO, com.o3dr.services.android.lib.drone.companion.solo.tlv.SoloGoproConstants.STATUS_GOPRO_CONNECTED, com.o3dr.services.android.lib.drone.companion.solo.tlv.SoloGoproConstants.STATUS_ERROR_OVER_TEMPERATURE, com.o3dr.services.android.lib.drone.companion.solo.tlv.SoloGoproConstants.STATUS_ERROR_NO_STORAGE}" />
    </annotation>
  </item>
  <item name="com.o3dr.services.android.lib.drone.companion.solo.tlv.SoloGoproConstants.RecordCommand">
    <annotation name="android.support.annotation.IntDef">
      <val name="value" val="{com.o3dr.services.android.lib.drone.companion.solo.tlv.SoloGoproConstants.STOP_RECORDING, com.o3dr.services.android.lib.drone.companion.solo.tlv.SoloGoproConstants.START_RECORDING, com.o3dr.services.android.lib.drone.companion.solo.tlv.SoloGoproConstants.TOGGLE_RECORDING}" />
    </annotation>
  </item>
  <item name="com.o3dr.services.android.lib.drone.companion.solo.tlv.SoloGoproConstants.RecordingStatus">
    <annotation name="android.support.annotation.IntDef">
      <val name="value" val="{com.o3dr.services.android.lib.drone.companion.solo.tlv.SoloGoproConstants.RECORDING_OFF, com.o3dr.services.android.lib.drone.companion.solo.tlv.SoloGoproConstants.RECORDING_ON}" />
    </annotation>
  </item>
  <item name="com.o3dr.services.android.lib.drone.companion.solo.tlv.SoloGoproRecord SoloGoproRecord(int) 0">
    <annotation name="android.support.annotation.IntDef">
      <val name="value" val="{com.o3dr.services.android.lib.drone.companion.solo.tlv.SoloGoproConstants.STOP_RECORDING, com.o3dr.services.android.lib.drone.companion.solo.tlv.SoloGoproConstants.START_RECORDING, com.o3dr.services.android.lib.drone.companion.solo.tlv.SoloGoproConstants.TOGGLE_RECORDING}" />
    </annotation>
  </item>
  <item name="com.o3dr.services.android.lib.drone.companion.solo.tlv.SoloGoproRecord int getRecordCommand()">
    <annotation name="android.support.annotation.IntDef">
      <val name="value" val="{com.o3dr.services.android.lib.drone.companion.solo.tlv.SoloGoproConstants.STOP_RECORDING, com.o3dr.services.android.lib.drone.companion.solo.tlv.SoloGoproConstants.START_RECORDING, com.o3dr.services.android.lib.drone.companion.solo.tlv.SoloGoproConstants.TOGGLE_RECORDING}" />
    </annotation>
  </item>
  <item name="com.o3dr.services.android.lib.drone.companion.solo.tlv.SoloGoproRecord void setRecordCommand(int) 0">
    <annotation name="android.support.annotation.IntDef">
      <val name="value" val="{com.o3dr.services.android.lib.drone.companion.solo.tlv.SoloGoproConstants.STOP_RECORDING, com.o3dr.services.android.lib.drone.companion.solo.tlv.SoloGoproConstants.START_RECORDING, com.o3dr.services.android.lib.drone.companion.solo.tlv.SoloGoproConstants.TOGGLE_RECORDING}" />
    </annotation>
  </item>
  <item name="com.o3dr.services.android.lib.drone.companion.solo.tlv.SoloPanoOptions int getPanoPreference()">
    <annotation name="android.support.annotation.IntDef">
      <val name="value" val="{com.o3dr.services.android.lib.drone.companion.solo.tlv.SoloPanoOptions.PANO_PREFERENCE_CYLINDRICAL, com.o3dr.services.android.lib.drone.companion.solo.tlv.SoloPanoOptions.PANO_PREFERENCE_SPHERICAL, com.o3dr.services.android.lib.drone.companion.solo.tlv.SoloPanoOptions.PANO_PREFERENCE_VIDEO}" />
    </annotation>
  </item>
  <item name="com.o3dr.services.android.lib.drone.companion.solo.tlv.SoloPanoOptions panoPreference">
    <annotation name="android.support.annotation.IntDef">
      <val name="value" val="{com.o3dr.services.android.lib.drone.companion.solo.tlv.SoloPanoOptions.PANO_PREFERENCE_CYLINDRICAL, com.o3dr.services.android.lib.drone.companion.solo.tlv.SoloPanoOptions.PANO_PREFERENCE_SPHERICAL, com.o3dr.services.android.lib.drone.companion.solo.tlv.SoloPanoOptions.PANO_PREFERENCE_VIDEO}" />
    </annotation>
  </item>
  <item name="com.o3dr.services.android.lib.drone.companion.solo.tlv.SoloPanoOptions void setPanoPreference(int) 0">
    <annotation name="android.support.annotation.IntDef">
      <val name="value" val="{com.o3dr.services.android.lib.drone.companion.solo.tlv.SoloPanoOptions.PANO_PREFERENCE_CYLINDRICAL, com.o3dr.services.android.lib.drone.companion.solo.tlv.SoloPanoOptions.PANO_PREFERENCE_SPHERICAL, com.o3dr.services.android.lib.drone.companion.solo.tlv.SoloPanoOptions.PANO_PREFERENCE_VIDEO}" />
    </annotation>
  </item>
  <item name="com.o3dr.services.android.lib.drone.companion.solo.tlv.SoloPanoOptions.PanoPreference">
    <annotation name="android.support.annotation.IntDef">
      <val name="value" val="{com.o3dr.services.android.lib.drone.companion.solo.tlv.SoloPanoOptions.PANO_PREFERENCE_CYLINDRICAL, com.o3dr.services.android.lib.drone.companion.solo.tlv.SoloPanoOptions.PANO_PREFERENCE_SPHERICAL, com.o3dr.services.android.lib.drone.companion.solo.tlv.SoloPanoOptions.PANO_PREFERENCE_VIDEO}" />
    </annotation>
  </item>
  <item name="com.o3dr.services.android.lib.drone.companion.solo.tlv.SoloRewindOptions int getReturnPreference()">
    <annotation name="android.support.annotation.IntDef">
      <val name="value" val="{com.o3dr.services.android.lib.drone.companion.solo.tlv.SoloRewindOptions.RETURN_AND_HOVER, com.o3dr.services.android.lib.drone.companion.solo.tlv.SoloRewindOptions.RETURN_AND_LAND}" />
    </annotation>
  </item>
  <item name="com.o3dr.services.android.lib.drone.companion.solo.tlv.SoloRewindOptions returnPreference">
    <annotation name="android.support.annotation.IntDef">
      <val name="value" val="{com.o3dr.services.android.lib.drone.companion.solo.tlv.SoloRewindOptions.RETURN_AND_HOVER, com.o3dr.services.android.lib.drone.companion.solo.tlv.SoloRewindOptions.RETURN_AND_LAND}" />
    </annotation>
  </item>
  <item name="com.o3dr.services.android.lib.drone.companion.solo.tlv.SoloRewindOptions void setReturnPreference(int) 0">
    <annotation name="android.support.annotation.IntDef">
      <val name="value" val="{com.o3dr.services.android.lib.drone.companion.solo.tlv.SoloRewindOptions.RETURN_AND_HOVER, com.o3dr.services.android.lib.drone.companion.solo.tlv.SoloRewindOptions.RETURN_AND_LAND}" />
    </annotation>
  </item>
  <item name="com.o3dr.services.android.lib.drone.companion.solo.tlv.SoloRewindOptions.ReturnPreference">
    <annotation name="android.support.annotation.IntDef">
      <val name="value" val="{com.o3dr.services.android.lib.drone.companion.solo.tlv.SoloRewindOptions.RETURN_AND_HOVER, com.o3dr.services.android.lib.drone.companion.solo.tlv.SoloRewindOptions.RETURN_AND_LAND}" />
    </annotation>
  </item>
</root>

