<?xml version="1.0" encoding="UTF-8"?>
<root>
  <item name="com.o3dr.android.client.apis.solo.SoloCameraApi void sendVideoRecordingCommand(int, com.o3dr.services.android.lib.model.AbstractCommandListener) 0">
    <annotation name="android.support.annotation.IntDef">
      <val name="value" val="{com.o3dr.services.android.lib.drone.companion.solo.tlv.SoloGoproConstants.STOP_RECORDING, com.o3dr.services.android.lib.drone.companion.solo.tlv.SoloGoproConstants.START_RECORDING, com.o3dr.services.android.lib.drone.companion.solo.tlv.SoloGoproConstants.TOGGLE_RECORDING}" />
    </annotation>
  </item>
  <item name="com.o3dr.android.client.apis.solo.SoloCameraApi void switchCameraCaptureMode(byte, com.o3dr.services.android.lib.model.AbstractCommandListener) 0">
    <annotation name="android.support.annotation.IntDef">
      <val name="value" val="{com.o3dr.services.android.lib.drone.companion.solo.tlv.SoloGoproConstants.CAPTURE_MODE_VIDEO, com.o3dr.services.android.lib.drone.companion.solo.tlv.SoloGoproConstants.CAPTURE_MODE_PHOTO, com.o3dr.services.android.lib.drone.companion.solo.tlv.SoloGoproConstants.CAPTURE_MODE_BURST, com.o3dr.services.android.lib.drone.companion.solo.tlv.SoloGoproConstants.CAPTURE_MODE_TIME_LAPSE, com.o3dr.services.android.lib.drone.companion.solo.tlv.SoloGoproConstants.CAPTURE_MODE_MULTI_SHOT, com.o3dr.services.android.lib.drone.companion.solo.tlv.SoloGoproConstants.CAPTURE_MODE_PLAYBACK, com.o3dr.services.android.lib.drone.companion.solo.tlv.SoloGoproConstants.CAPTURE_MODE_SETUP}" />
    </annotation>
  </item>
  <item name="com.o3dr.android.client.apis.solo.SoloConfigApi void updateControllerMode(int, com.o3dr.services.android.lib.model.AbstractCommandListener) 0">
    <annotation name="android.support.annotation.IntDef">
      <val name="value" val="{com.o3dr.services.android.lib.drone.companion.solo.controller.SoloControllerMode.UNKNOWN_MODE, com.o3dr.services.android.lib.drone.companion.solo.controller.SoloControllerMode.MODE_1, com.o3dr.services.android.lib.drone.companion.solo.controller.SoloControllerMode.MODE_2}" />
    </annotation>
  </item>
  <item name="com.o3dr.android.client.apis.solo.SoloConfigApi void updateControllerUnit(java.lang.String, com.o3dr.services.android.lib.model.AbstractCommandListener) 0">
    <annotation name="android.support.annotation.StringDef">
      <val name="value" val="{com.o3dr.services.android.lib.drone.companion.solo.controller.SoloControllerUnits.UNKNOWN, com.o3dr.services.android.lib.drone.companion.solo.controller.SoloControllerUnits.METRIC, com.o3dr.services.android.lib.drone.companion.solo.controller.SoloControllerUnits.IMPERIAL}" />
    </annotation>
  </item>
</root>

